1|Rahul|Sharma|Male|1990-02-15|rahul.sharma@email.com|+91|9876543210|2
2|Aditi|Sharma|Female|1995-06-25|aditi.sharma@email.com|+91|9876543211|6
3|Vikram|Patel|Male|1988-03-12|vikram.patel@email.com|+91|9876543212|2
4|Neha|Patel|Female|1992-11-05|neha.patel@email.com|+91|9876543213|6
5|Sandeep|Kumar|Male|1985-01-20|sandeep.kumar@email.com|+91|9876543214|2
6|Priya|Kumar|Female|1992-04-14|priya.kumar@email.com|+91|9876543215|6
7|John|Smith|Male|1980-09-10|john.smith@email.com|+1|5555555555|1
8|Jane|Doe|Female|1983-12-04|jane.doe@email.com|+1|5555555556|1
9|Oliver|Jones|Male|1987-08-22|oliver.jones@email.com|+44|7001234567|3
10|Emily|White|Female|1993-04-30|emily.white@email.com|+44|7001234568|3
11|David|Brown|Male|1991-05-15|david.brown@email.com|+61|408123456|4
12|Sophie|Taylor|Female|1994-11-01|sophie.taylor@email.com|+61|408123457|4
13|Pierre|Lemoine|Male|1990-07-13|pierre.lemoine@email.com|+33|1234567890|5
14|Clara|Lemoine|Female|1992-05-25|clara.lemoine@email.com|+33|1234567891|5
15|Robert|Wilson|Male|1984-03-07|robert.wilson@email.com|+49|1701234567|6
16|Linda|Wilson|Female|1990-01-19|linda.wilson@email.com|+49|1701234568|6
17|David|Lee|Male|1988-02-14|david.lee@email.com|+1|8001234567|7
18|Sophia|Miller|Female|1996-09-25|sophia.miller@email.com|+1|8001234568|7
19|Kaito|Yamada|Male|1993-12-17|kaito.yamada@email.com|+81|9034567890|8
20|Hina|Yamada|Female|1994-07-22|hina.yamada@email.com|+81|9034567891|8
21|Carlos|Santos|Male|1989-06-29|carlos.santos@email.com|+55|123456789|9
22|Isabel|Santos|Female|1992-11-18|isabel.santos@email.com|+55|123456790|9
23|Hao|Zhang|Male|1987-12-06|hao.zhang@email.com|+86|13512345678|10
24|Ling|Zhang|Female|1990-09-28|ling.zhang@email.com|+86|13512345679|10
25|Jin|Park|Male|1992-01-11|jin.park@email.com|+82|1022345678|11